eta,genere,reddito,esperienza,zona,titolo,assunto
51,F,3787,17,Centro,Master,0
45,M,2486,5,Suburbio,Master,0
46,F,1708,5,Suburbio,Laurea,0
50,M,1674,7,Suburbio,Diploma,0
55,M,2913,16,Periferia,Laurea,0
36,M,1174,1,Suburbio,Laurea,1
53,F,1647,5,Centro,Laurea,0
47,F,2263,13,Periferia,Diploma,0
29,M,1335,2,Centro,Diploma,1
19,F,1383,0,Centro,Diploma,1
40,M,3160,13,Periferia,Laurea,0
47,F,3331,15,Centro,Laurea,1
50,M,2864,13,Periferia,Laurea,1
56,F,2424,1,Centro,Master,1
53,F,2484,10,Centro,Laurea,1
20,F,945,0,Periferia,Diploma,0
25,M,1364,1,Periferia,Laurea,1
59,M,2488,9,Centro,Master,0
49,M,1927,3,Centro,Laurea,1
57,F,3085,14,Centro,Diploma,1
32,F,1294,1,Centro,Diploma,1
61,F,2956,18,Suburbio,Diploma,0
56,M,3236,12,Periferia,Laurea,0
43,F,1533,5,Centro,Diploma,0
36,F,2869,5,Centro,Master,1
31,M,1706,4,Periferia,Laurea,1
47,F,1596,4,Centro,Laurea,1
54,M,2232,7,Periferia,Laurea,0
63,M,2203,13,Periferia,Nessuno,0
24,M,1166,1,Centro,Diploma,1
30,F,1109,2,Centro,Diploma,0
19,M,636,0,Periferia,Nessuno,0
62,M,4554,19,Suburbio,Master,1
53,F,2424,8,Periferia,Laurea,0
19,F,2408,0,Centro,Master,1
19,M,736,0,Centro,Nessuno,0
51,F,1774,6,Periferia,Laurea,1
23,F,1993,1,Centro,Master,1
41,M,3238,9,Periferia,Master,1
31,F,470,2,Suburbio,Nessuno,1
29,F,1317,2,Centro,Diploma,0
37,M,2196,6,Centro,Laurea,0
64,F,4024,23,Centro,Laurea,0
37,F,2469,9,Centro,Diploma,1
52,F,1654,2,Periferia,Laurea,0
49,F,1860,3,Centro,Laurea,1
50,M,2258,8,Suburbio,Laurea,0
32,F,1833,4,Centro,Laurea,1
45,F,921,4,Periferia,Nessuno,0
63,F,1620,11,Periferia,Nessuno,0
51,F,2033,4,Centro,Master,1
64,M,1528,4,Suburbio,Laurea,0
20,M,1801,0,Centro,Master,1
40,M,894,0,Periferia,Diploma,0
57,F,3417,18,Centro,Laurea,0
62,M,2299,10,Centro,Laurea,1
58,M,1772,4,Centro,Diploma,0
40,M,2103,6,Periferia,Laurea,1
33,M,2774,7,Centro,Master,1
59,F,1164,8,Suburbio,Nessuno,1
18,F,1533,0,Periferia,Laurea,1
30,M,1559,3,Periferia,Laurea,0
45,F,1979,5,Suburbio,Laurea,1
57,F,3085,14,Centro,Diploma,1
26,F,2113,1,Periferia,Master,0
24,F,1367,3,Periferia,Laurea,1
64,M,3564,23,Centro,Nessuno,0
43,F,2518,10,Centro,Laurea,0
51,M,2324,9,Centro,Laurea,0
55,M,1729,6,Periferia,Diploma,0
55,F,1150,5,Centro,Nessuno,0
41,M,1965,4,Periferia,Master,0
42,F,874,0,Periferia,Diploma,0
30,M,3089,8,Centro,Master,1
47,M,3311,15,Centro,Laurea,0
49,F,2683,5,Centro,Master,1
50,F,2317,12,Centro,Diploma,0
47,M,1588,4,Suburbio,Laurea,1
50,M,2671,8,Centro,Master,1
34,M,1839,3,Centro,Laurea,0
30,M,1497,1,Centro,Laurea,0
62,F,2525,15,Suburbio,Laurea,0
54,F,2676,12,Centro,Diploma,0
24,M,1289,2,Centro,Diploma,0
25,F,1624,0,Centro,Laurea,1
21,F,1455,1,Periferia,Laurea,0
51,M,2175,15,Centro,Nessuno,0
25,M,1200,2,Centro,Diploma,0
29,M,1267,0,Periferia,Laurea,1
49,M,3000,17,Centro,Diploma,0
18,F,1533,0,Periferia,Laurea,1
47,F,1418,7,Suburbio,Diploma,1
37,F,2469,9,Centro,Diploma,1
26,M,1134,3,Suburbio,Laurea,0
24,M,946,0,Periferia,Diploma,1
35,M,2034,1,Centro,Master,1
33,F,594,3,Suburbio,Nessuno,0
30,M,2284,8,Periferia,Master,0
56,F,2412,15,Periferia,Nessuno,1
18,M,714,0,Periferia,Diploma,0
22,M,1174,0,Centro,Diploma,1
31,M,1804,4,Centro,Laurea,1
18,M,1674,0,Periferia,Master,1
29,M,1147,3,Centro,Nessuno,1
55,M,1893,5,Centro,Diploma,1
22,M,400,0,Suburbio,Nessuno,1
37,F,2469,9,Centro,Diploma,1
22,M,961,1,Centro,Diploma,0
19,M,1327,0,Centro,Laurea,0
40,F,939,1,Suburbio,Diploma,1
40,M,1906,10,Suburbio,Diploma,0
33,F,760,2,Centro,Nessuno,0
47,F,1390,4,Periferia,Diploma,1
49,M,1456,1,Centro,Laurea,0
43,M,927,0,Periferia,Diploma,1
28,F,1906,1,Centro,Laurea,1
51,M,2013,11,Suburbio,Laurea,1
21,M,1171,1,Suburbio,Diploma,1
32,M,1942,5,Periferia,Laurea,1
52,F,2014,4,Centro,Laurea,1
31,F,2198,5,Centro,Laurea,1
54,M,1845,17,Periferia,Nessuno,0
30,F,1432,1,Centro,Laurea,1
42,M,923,2,Suburbio,Diploma,0
32,F,1294,1,Centro,Diploma,1
19,M,572,0,Centro,Nessuno,1
52,M,1486,5,Periferia,Diploma,0
53,F,2363,16,Suburbio,Nessuno,0
62,M,2299,10,Centro,Laurea,1
46,M,3766,19,Centro,Diploma,1
61,M,1272,7,Periferia,Nessuno,0
63,F,1344,0,Suburbio,Laurea,0
57,M,2507,6,Periferia,Master,1
58,F,2209,21,Periferia,Nessuno,0
39,F,1819,5,Suburbio,Laurea,1
61,F,3265,20,Periferia,Nessuno,0
45,F,1261,1,Centro,Diploma,0
45,M,1591,3,Centro,Diploma,1
19,F,1516,0,Centro,Laurea,1
40,F,1740,3,Centro,Laurea,1
41,M,2624,10,Periferia,Diploma,0
59,F,3634,18,Centro,Diploma,0
64,M,4073,27,Periferia,Laurea,1
62,F,4223,19,Centro,Master,1
34,M,2712,9,Periferia,Laurea,1
51,F,1340,8,Periferia,Nessuno,0
37,F,1455,4,Suburbio,Diploma,0
45,F,1908,9,Centro,Diploma,0
59,F,4306,18,Periferia,Master,1
39,F,1303,1,Periferia,Laurea,0
52,M,3394,9,Centro,Master,1
50,F,1520,7,Centro,Diploma,1
45,M,2780,9,Centro,Laurea,1
30,M,1559,3,Periferia,Laurea,0
29,M,1371,2,Centro,Diploma,1
50,F,2879,8,Periferia,Master,1
62,F,4223,19,Centro,Master,1
52,M,2997,9,Periferia,Master,1
49,M,1697,9,Centro,Diploma,0
49,M,1658,9,Suburbio,Nessuno,0
42,M,2521,3,Centro,Master,1
52,F,2767,11,Centro,Diploma,0
55,M,1992,5,Centro,Laurea,0
47,M,1489,4,Suburbio,Laurea,1
59,F,2765,8,Centro,Laurea,0
31,M,2022,6,Periferia,Laurea,0
45,F,1357,6,Centro,Nessuno,1
21,F,1173,0,Periferia,Diploma,0
52,F,1666,10,Centro,Diploma,0
64,F,678,6,Suburbio,Nessuno,1
22,F,1108,0,Centro,Nessuno,0
34,M,616,2,Centro,Nessuno,0
56,M,3082,24,Centro,Laurea,0
54,F,841,5,Suburbio,Diploma,0
45,M,689,1,Suburbio,Diploma,0
37,M,2231,3,Centro,Master,1
54,F,529,1,Suburbio,Nessuno,0
23,F,2144,0,Centro,Master,0
55,M,1729,6,Periferia,Diploma,0
62,M,2832,12,Centro,Laurea,0
51,M,2242,5,Periferia,Laurea,1
43,M,668,2,Centro,Nessuno,0
49,M,940,9,Periferia,Nessuno,0
56,F,4276,18,Centro,Master,1
30,F,1435,7,Periferia,Nessuno,1
41,F,1345,1,Periferia,Laurea,0
20,M,1696,0,Centro,Laurea,1
54,M,726,4,Periferia,Nessuno,0
34,F,1649,5,Centro,Diploma,0
57,F,3682,21,Centro,Diploma,0
39,M,1170,5,Centro,Nessuno,0
21,M,1412,0,Periferia,Laurea,0
25,M,1282,1,Periferia,Laurea,1
40,M,1361,6,Suburbio,Diploma,0
33,M,646,0,Periferia,Diploma,0
64,M,2622,19,Suburbio,Nessuno,0
41,F,2078,8,Suburbio,Laurea,0
59,M,1861,8,Centro,Diploma,1
36,F,1150,1,Centro,Diploma,1
50,F,1155,6,Periferia,Nessuno,0
21,F,557,0,Centro,Nessuno,0
55,M,1893,5,Centro,Diploma,1
32,F,1497,2,Centro,Diploma,0
21,F,2236,1,Centro,Master,0
47,F,3331,15,Centro,Laurea,1
49,F,1615,8,Periferia,Nessuno,0
59,F,2960,19,Periferia,Nessuno,0
22,M,1141,0,Periferia,Laurea,1
63,M,2787,17,Periferia,Diploma,0
39,M,1848,4,Centro,Diploma,1
42,M,1635,6,Centro,Diploma,1
61,F,3265,20,Periferia,Nessuno,0
37,M,926,4,Centro,Nessuno,0
52,F,4251,17,Periferia,Master,1
51,F,1774,6,Periferia,Laurea,1
20,F,1338,0,Suburbio,Laurea,1
18,M,1341,0,Periferia,Laurea,1
30,F,2059,3,Centro,Master,1
38,M,814,1,Centro,Diploma,0
45,F,1542,3,Suburbio,Laurea,0
60,M,2135,1,Centro,Master,0
62,M,4204,18,Suburbio,Master,1
64,F,2138,10,Periferia,Laurea,0
46,M,2425,15,Centro,Nessuno,0
54,M,1608,3,Centro,Laurea,0
22,M,1705,0,Suburbio,Master,0
58,M,2418,10,Centro,Diploma,1
36,F,1150,1,Centro,Diploma,1
45,M,1343,4,Periferia,Laurea,0
50,M,2485,6,Periferia,Master,0
37,M,551,3,Suburbio,Nessuno,1
52,F,2012,2,Periferia,Laurea,1
61,M,3106,11,Suburbio,Master,1
54,M,470,5,Suburbio,Nessuno,0
31,M,3029,4,Centro,Master,0
42,M,1551,5,Centro,Laurea,0
23,F,1787,1,Centro,Laurea,1
50,F,2223,10,Centro,Diploma,1
53,M,1781,9,Suburbio,Laurea,0
20,F,682,0,Centro,Nessuno,0
32,F,1596,4,Suburbio,Diploma,1
41,M,2210,6,Periferia,Master,1
20,F,1037,0,Centro,Diploma,0
40,M,505,1,Periferia,Nessuno,0
22,F,400,0,Periferia,Nessuno,0
62,M,4204,18,Suburbio,Master,1
55,M,768,2,Periferia,Nessuno,0
54,F,1458,4,Suburbio,Diploma,1
55,M,2988,10,Centro,Master,1
26,M,1761,3,Centro,Laurea,0
37,M,551,3,Suburbio,Nessuno,1
49,F,1860,3,Centro,Laurea,1
53,F,2036,2,Centro,Master,0
18,F,1361,0,Periferia,Laurea,1
31,M,706,0,Suburbio,Diploma,0
18,M,400,0,Centro,Nessuno,1
52,M,3394,9,Centro,Master,1
56,M,2690,7,Suburbio,Master,0
37,M,2231,3,Centro,Master,1
49,M,940,9,Periferia,Nessuno,0
28,M,2345,4,Centro,Laurea,1
32,M,1513,6,Centro,Nessuno,0
41,M,2360,7,Centro,Laurea,0
18,F,1361,0,Periferia,Laurea,1
47,F,1563,12,Suburbio,Nessuno,0
18,F,1352,0,Suburbio,Laurea,0
42,F,874,0,Periferia,Diploma,0
23,F,1212,1,Suburbio,Laurea,0
50,F,1155,6,Periferia,Nessuno,0
47,F,1418,7,Suburbio,Diploma,1
53,F,2105,2,Centro,Laurea,0
36,F,1563,7,Centro,Nessuno,0
41,M,1698,6,Centro,Diploma,0
26,M,1158,3,Suburbio,Diploma,1
24,M,946,0,Periferia,Diploma,1
19,F,1067,0,Centro,Diploma,1
49,F,3098,18,Centro,Diploma,0
33,M,2092,5,Centro,Laurea,1
34,F,1438,2,Centro,Diploma,1
50,F,2879,8,Periferia,Master,1
21,M,619,1,Periferia,Nessuno,0
18,M,2031,0,Centro,Master,1
34,F,1210,4,Periferia,Diploma,1
41,M,1382,6,Centro,Nessuno,1
58,M,500,2,Periferia,Nessuno,0
64,F,678,6,Suburbio,Nessuno,1
58,F,1644,3,Centro,Diploma,1
40,M,1485,3,Periferia,Laurea,1
34,F,1438,2,Centro,Diploma,1
37,F,2469,9,Centro,Diploma,1
56,F,4276,18,Centro,Master,1
42,M,1764,6,Centro,Diploma,1
26,F,1113,1,Centro,Nessuno,0
43,M,2224,4,Periferia,Master,0
39,F,1549,4,Centro,Diploma,0
46,M,3766,19,Centro,Diploma,1
38,F,1880,5,Centro,Diploma,0
47,M,1186,9,Centro,Nessuno,0
61,F,3002,15,Suburbio,Laurea,0
37,M,438,0,Suburbio,Diploma,0
27,M,756,3,Periferia,Diploma,0
38,F,1166,1,Periferia,Diploma,0
61,M,2785,18,Periferia,Nessuno,0
25,F,1533,1,Periferia,Laurea,1
62,M,4127,18,Centro,Master,1
27,F,1670,1,Periferia,Laurea,0
55,M,1729,6,Periferia,Diploma,0
62,M,4127,18,Centro,Master,1
52,M,2021,13,Suburbio,Diploma,0
60,M,2063,10,Centro,Nessuno,0
56,M,1574,6,Centro,Nessuno,0
38,M,1420,8,Centro,Nessuno,0
52,M,2309,10,Periferia,Laurea,1
42,M,1880,8,Centro,Diploma,0
56,F,2083,16,Periferia,Diploma,0
20,M,1696,0,Centro,Laurea,1
48,F,2749,18,Centro,Diploma,1
55,F,1308,8,Periferia,Nessuno,0
59,M,1861,8,Centro,Diploma,1
59,F,2227,3,Centro,Master,1
43,M,1522,10,Centro,Nessuno,0
45,M,2780,9,Centro,Laurea,1
40,F,1740,3,Centro,Laurea,1
21,M,1168,0,Periferia,Laurea,1
36,M,2513,6,Centro,Master,0
39,F,1518,8,Suburbio,Diploma,0
49,F,2683,5,Centro,Master,1
32,F,2103,5,Periferia,Laurea,1
56,M,3075,15,Centro,Diploma,0
43,M,3009,11,Suburbio,Master,0
52,F,2341,12,Periferia,Diploma,1
61,M,2785,15,Centro,Laurea,1
23,M,400,0,Periferia,Nessuno,0
41,M,1257,4,Suburbio,Diploma,1
38,F,487,3,Centro,Nessuno,0
20,F,1050,0,Periferia,Diploma,0
29,M,1147,3,Centro,Nessuno,1
32,F,767,3,Periferia,Nessuno,0
51,M,3017,16,Centro,Diploma,1
45,M,1694,2,Periferia,Laurea,0
27,F,1841,3,Periferia,Laurea,1
31,M,2337,6,Centro,Master,1
29,F,1886,0,Centro,Master,0
33,M,1579,3,Periferia,Laurea,0
52,F,2625,8,Periferia,Master,0
61,F,1396,6,Periferia,Diploma,0
62,F,2819,23,Centro,Nessuno,0
51,F,2033,4,Centro,Master,1
50,M,2459,12,Suburbio,Diploma,1
43,M,1970,12,Periferia,Nessuno,0
50,M,2299,5,Periferia,Master,1
61,F,2018,13,Suburbio,Nessuno,0
20,M,1521,0,Periferia,Master,0
31,F,470,2,Suburbio,Nessuno,1
54,F,1729,3,Suburbio,Laurea,1
22,M,904,0,Suburbio,Diploma,0
27,F,1500,0,Suburbio,Master,1
20,M,854,0,Centro,Nessuno,1
45,F,1979,5,Suburbio,Laurea,1
45,M,1623,9,Suburbio,Diploma,0
57,F,2077,2,Centro,Master,1
41,F,645,2,Periferia,Nessuno,0
56,F,2677,15,Centro,Laurea,1
18,M,2106,0,Centro,Master,0
45,F,2151,8,Periferia,Laurea,1
33,F,985,1,Periferia,Diploma,0
33,M,2774,7,Centro,Master,1
39,M,1720,5,Periferia,Laurea,0
62,M,1894,12,Centro,Diploma,0
31,F,1258,3,Periferia,Diploma,0
26,M,1158,3,Suburbio,Diploma,1
54,M,2609,10,Centro,Laurea,1
56,F,3698,27,Centro,Laurea,1
24,M,1166,1,Centro,Diploma,1
54,F,3293,22,Periferia,Diploma,0
59,M,2498,9,Centro,Laurea,0
51,M,2013,11,Suburbio,Laurea,1
59,M,2249,7,Periferia,Laurea,0
59,F,4306,18,Periferia,Master,1
25,F,694,3,Centro,Nessuno,0
39,F,969,2,Centro,Nessuno,0
39,F,1573,3,Periferia,Laurea,0
46,M,1539,9,Centro,Nessuno,1
21,F,1957,0,Centro,Master,1
54,M,1152,4,Suburbio,Diploma,1
48,F,2356,13,Suburbio,Nessuno,0
54,M,2943,13,Suburbio,Laurea,0
47,M,2138,10,Centro,Diploma,0
38,M,1477,4,Centro,Diploma,0
48,M,3396,16,Periferia,Master,0
30,M,1201,0,Centro,Laurea,1
49,F,1062,2,Centro,Nessuno,1
52,M,1357,11,Suburbio,Nessuno,1
30,M,2128,8,Centro,Laurea,1
62,M,2299,10,Centro,Laurea,1
38,M,2397,6,Periferia,Master,1
18,F,803,0,Suburbio,Diploma,0
20,M,1696,0,Centro,Laurea,1
19,M,1028,0,Centro,Diploma,0
49,F,1062,2,Centro,Nessuno,1
64,F,2812,20,Periferia,Diploma,1
30,M,1275,0,Centro,Diploma,1
39,F,1773,6,Periferia,Diploma,1
31,M,614,0,Suburbio,Diploma,0
46,F,2902,12,Centro,Master,1
29,F,1397,2,Suburbio,Laurea,1
26,F,1113,1,Centro,Nessuno,0
35,M,2153,7,Suburbio,Master,0
63,M,2180,12,Periferia,Diploma,0
45,M,1235,3,Periferia,Diploma,1
31,M,1689,7,Suburbio,Diploma,0
43,M,1895,6,Centro,Diploma,0
56,F,2412,15,Periferia,Nessuno,1
43,F,1335,4,Periferia,Diploma,0
63,M,4501,29,Periferia,Diploma,1
22,F,1536,1,Suburbio,Laurea,0
61,F,1396,6,Periferia,Diploma,0
53,F,2485,8,Centro,Laurea,0
54,F,841,5,Suburbio,Diploma,0
21,M,400,0,Periferia,Nessuno,0
45,M,1330,3,Centro,Diploma,0
58,M,1547,5,Periferia,Laurea,1
44,M,1949,2,Centro,Laurea,0
52,M,2430,15,Centro,Nessuno,0
24,M,400,0,Centro,Nessuno,0
29,M,2663,3,Centro,Master,1
56,M,1093,3,Centro,Diploma,0
60,M,2326,11,Centro,Diploma,0
29,M,1425,3,Suburbio,Laurea,0
51,F,2800,11,Centro,Laurea,0
40,M,2103,6,Periferia,Laurea,1
32,F,2841,8,Centro,Laurea,1
37,F,1892,5,Centro,Diploma,0
36,F,915,0,Periferia,Diploma,0
27,M,1744,1,Centro,Laurea,0
61,F,1460,7,Suburbio,Diploma,0
46,M,1539,9,Centro,Nessuno,1
37,M,2231,3,Centro,Master,1
37,M,2231,3,Centro,Master,1
44,F,1313,10,Centro,Nessuno,0
19,F,1067,0,Centro,Diploma,1
56,M,2241,12,Centro,Nessuno,0
52,M,1935,9,Suburbio,Diploma,1
62,F,4223,19,Centro,Master,1
21,M,711,0,Periferia,Nessuno,1
54,M,2606,14,Periferia,Diploma,0
53,F,2484,10,Centro,Laurea,1
58,M,2418,10,Centro,Diploma,1
35,F,1288,4,Centro,Diploma,0
32,F,1596,4,Suburbio,Diploma,1
21,M,619,1,Periferia,Nessuno,0
53,M,2233,8,Centro,Laurea,1
50,F,1155,6,Periferia,Nessuno,0
24,M,1166,1,Centro,Diploma,1
59,F,2406,18,Centro,Nessuno,1
36,M,1942,5,Centro,Laurea,1
48,M,2596,9,Centro,Diploma,0
43,M,927,0,Periferia,Diploma,1
50,M,1517,10,Suburbio,Nessuno,0
58,F,1644,3,Centro,Diploma,1
37,M,2231,3,Centro,Master,1
50,M,1485,4,Periferia,Diploma,0
55,F,1448,1,Centro,Laurea,0
38,M,2397,6,Periferia,Master,1
42,M,1635,6,Centro,Diploma,1
46,M,2643,9,Suburbio,Master,0
42,M,1764,6,Centro,Diploma,1
35,M,1665,6,Centro,Diploma,1
24,M,561,1,Centro,Nessuno,1
36,M,1942,5,Centro,Laurea,1
21,M,534,0,Periferia,Nessuno,0
62,M,3656,15,Centro,Laurea,1
41,F,1236,3,Periferia,Nessuno,0
22,F,986,0,Centro,Diploma,0
18,M,502,0,Centro,Nessuno,0
47,M,1648,5,Suburbio,Laurea,0
38,F,1113,4,Suburbio,Diploma,1
23,M,1391,0,Periferia,Diploma,1
42,M,2889,10,Centro,Laurea,1
34,F,1210,4,Periferia,Diploma,1
26,M,1103,4,Suburbio,Nessuno,0
38,M,1179,2,Centro,Nessuno,0
56,M,1716,7,Centro,Diploma,0
41,M,794,3,Periferia,Nessuno,0
25,F,1505,4,Suburbio,Laurea,0
49,M,1808,19,Centro,Nessuno,0
25,M,1213,2,Periferia,Laurea,0
21,F,1849,0,Centro,Master,0
41,F,1973,7,Suburbio,Diploma,0
36,F,2869,5,Centro,Master,1
56,M,1356,2,Centro,Laurea,0
34,M,1507,2,Centro,Diploma,0
36,M,2023,9,Suburbio,Laurea,1
18,F,1454,0,Suburbio,Master,0
49,M,940,9,Periferia,Nessuno,0
64,M,1304,5,Centro,Nessuno,0
36,F,1451,3,Periferia,Diploma,0
22,M,426,0,Centro,Nessuno,0
47,F,1418,7,Suburbio,Diploma,1
52,F,2014,4,Centro,Laurea,1
22,F,827,0,Periferia,Diploma,0
27,M,548,0,Centro,Nessuno,0
45,M,461,2,Periferia,Nessuno,0
45,F,1374,5,Suburbio,Diploma,0
56,M,1574,6,Centro,Nessuno,0
55,F,1838,5,Periferia,Laurea,1
28,F,1087,2,Periferia,Diploma,0
47,M,1588,4,Suburbio,Laurea,1
47,M,1489,4,Suburbio,Laurea,1
55,M,1897,2,Centro,Laurea,0
29,M,2162,3,Centro,Master,1
42,F,1350,5,Centro,Nessuno,0
38,F,2293,7,Suburbio,Laurea,0
49,M,1927,3,Centro,Laurea,1
40,F,1817,6,Periferia,Laurea,0
27,F,1841,3,Periferia,Laurea,1
43,M,867,3,Suburbio,Nessuno,0
58,F,1466,3,Centro,Diploma,0
34,F,400,2,Suburbio,Nessuno,1
49,F,2392,10,Suburbio,Laurea,1
18,M,2031,0,Centro,Master,1
51,M,2879,22,Centro,Nessuno,1
49,F,1615,8,Periferia,Nessuno,0
46,F,1294,4,Centro,Nessuno,0
61,M,3106,11,Suburbio,Master,1
37,M,1988,9,Periferia,Diploma,0
47,M,1407,5,Suburbio,Diploma,1
38,M,2665,16,Centro,Diploma,1
52,F,1761,12,Periferia,Diploma,0
36,F,1476,2,Periferia,Laurea,0
62,M,4204,18,Suburbio,Master,1
51,F,3314,15,Periferia,Laurea,1
51,F,2227,2,Centro,Master,1
59,F,3000,12,Periferia,Laurea,1
55,F,1838,5,Periferia,Laurea,1
32,F,1833,4,Centro,Laurea,1
53,M,2604,11,Centro,Laurea,0
55,F,2521,21,Periferia,Nessuno,1
58,M,3206,15,Suburbio,Diploma,0
42,M,2908,10,Centro,Laurea,1
33,M,1815,4,Centro,Diploma,0
60,F,2339,7,Centro,Diploma,0
62,M,4204,18,Suburbio,Master,1
21,M,1168,0,Periferia,Laurea,1
29,F,1448,2,Centro,Diploma,1
26,M,1175,2,Centro,Diploma,0
64,M,2647,4,Centro,Master,1
43,F,2253,11,Centro,Laurea,1
19,M,400,0,Centro,Nessuno,0
42,F,842,2,Suburbio,Diploma,0
41,F,1538,3,Periferia,Diploma,0
42,F,2275,6,Centro,Laurea,1
54,M,2540,6,Periferia,Master,0
22,M,1236,0,Periferia,Laurea,0
54,M,2921,12,Centro,Laurea,0
51,F,1862,1,Centro,Laurea,0
36,F,1151,1,Suburbio,Laurea,0
27,M,882,3,Periferia,Nessuno,1
20,M,695,0,Suburbio,Diploma,1
25,M,707,1,Centro,Nessuno,0
51,F,1636,11,Periferia,Nessuno,0
33,F,1063,1,Centro,Diploma,1
57,M,3001,13,Centro,Laurea,1
42,M,1457,5,Centro,Nessuno,0
40,F,1354,1,Periferia,Laurea,0
37,F,2469,9,Centro,Diploma,1
46,F,1360,4,Periferia,Laurea,0
64,F,2129,5,Centro,Laurea,0
39,F,1641,10,Centro,Nessuno,1
51,M,3017,16,Centro,Diploma,1
19,F,954,0,Suburbio,Laurea,0
24,M,946,0,Periferia,Diploma,1
29,M,1147,3,Centro,Nessuno,1
62,M,2540,6,Centro,Laurea,1
34,F,1649,5,Centro,Diploma,0
51,F,1774,6,Periferia,Laurea,1
58,M,2324,7,Centro,Laurea,1
30,M,862,1,Centro,Nessuno,0
52,F,2222,9,Suburbio,Laurea,1
52,M,3498,17,Centro,Master,1
58,M,3659,17,Suburbio,Diploma,0
18,M,1341,0,Periferia,Laurea,1
59,F,2227,3,Centro,Master,1
27,M,1589,0,Centro,Laurea,1
25,M,1282,1,Periferia,Laurea,1
25,F,1426,1,Centro,Laurea,1
43,F,1860,11,Centro,Nessuno,0
49,M,1244,2,Suburbio,Diploma,0
27,F,1841,3,Periferia,Laurea,1
61,M,1272,7,Periferia,Nessuno,0
61,M,1836,17,Suburbio,Nessuno,0
63,M,2834,9,Centro,Laurea,1
47,F,3222,8,Centro,Master,1
33,M,2774,7,Centro,Master,1
47,M,3018,16,Centro,Diploma,0
26,M,1031,0,Periferia,Diploma,0
47,M,1588,4,Suburbio,Laurea,1
64,M,4073,27,Periferia,Laurea,1
43,M,1917,8,Centro,Nessuno,1
45,M,1686,2,Centro,Laurea,0
33,M,2092,5,Centro,Laurea,1
30,F,1280,4,Centro,Diploma,1
63,M,3415,18,Periferia,Laurea,0
43,M,1096,3,Centro,Diploma,0
51,F,3314,15,Periferia,Laurea,1
22,M,400,0,Suburbio,Nessuno,1
36,F,1476,2,Periferia,Laurea,0
47,F,1133,5,Centro,Nessuno,0
37,F,1798,5,Periferia,Diploma,0
54,M,1152,4,Suburbio,Diploma,1
29,M,1267,0,Periferia,Laurea,1
64,M,2079,14,Suburbio,Diploma,0
35,M,1526,3,Periferia,Laurea,1
57,M,1532,7,Centro,Nessuno,0
62,M,3109,14,Periferia,Diploma,0
30,F,1035,1,Centro,Nessuno,0
61,F,3265,20,Periferia,Nessuno,0
20,F,1338,0,Suburbio,Laurea,1
51,M,1854,6,Centro,Diploma,1
49,M,1927,3,Centro,Laurea,1
54,M,2688,5,Centro,Master,0
46,M,1539,9,Centro,Nessuno,1
52,M,1768,2,Centro,Diploma,1
42,M,2908,10,Centro,Laurea,1
45,M,3025,10,Periferia,Laurea,0
19,F,1516,0,Centro,Laurea,1
25,F,1472,1,Centro,Laurea,0
46,M,1539,9,Centro,Nessuno,1
48,M,2259,4,Centro,Laurea,1
55,F,2521,21,Periferia,Nessuno,1
39,F,2526,17,Suburbio,Diploma,0
62,M,3109,14,Periferia,Diploma,0
38,M,1179,2,Centro,Nessuno,0
39,F,3114,6,Centro,Master,0
19,F,1516,0,Centro,Laurea,1
20,M,710,0,Periferia,Diploma,0
41,M,3156,8,Centro,Master,1
25,F,573,2,Periferia,Nessuno,0
21,M,807,0,Centro,Diploma,0
25,F,1533,1,Periferia,Laurea,1
33,F,1063,1,Centro,Diploma,1
57,F,3308,20,Centro,Laurea,0
20,M,1801,0,Centro,Master,1
32,F,1160,3,Periferia,Diploma,0
24,F,465,1,Centro,Nessuno,0
64,M,2096,8,Suburbio,Diploma,1
50,F,2223,10,Centro,Diploma,1
28,F,1906,1,Centro,Laurea,1
31,M,2337,6,Centro,Master,1
23,F,1787,1,Centro,Laurea,1
43,M,1541,5,Centro,Diploma,1
19,M,1180,0,Periferia,Laurea,0
56,F,2424,1,Centro,Master,1
28,M,937,4,Periferia,Nessuno,0
31,F,470,2,Suburbio,Nessuno,1
49,F,1860,3,Centro,Laurea,1
51,M,3017,16,Centro,Diploma,1
25,M,1714,3,Centro,Diploma,0
62,F,2566,14,Suburbio,Laurea,0
36,M,2023,9,Suburbio,Laurea,1
42,M,1409,1,Centro,Diploma,1
22,M,1174,0,Centro,Diploma,1
40,F,1182,6,Centro,Nessuno,1
40,F,2513,10,Suburbio,Master,0
19,M,1074,0,Centro,Laurea,0
27,M,882,3,Periferia,Nessuno,1
41,F,2865,12,Centro,Laurea,1
51,F,3787,17,Centro,Master,0
22,F,498,0,Periferia,Diploma,1
24,F,1231,2,Centro,Diploma,0
32,M,2059,4,Centro,Laurea,1
46,M,1855,3,Centro,Diploma,1
61,M,2785,15,Centro,Laurea,1
22,M,1212,0,Centro,Laurea,1
34,F,400,2,Suburbio,Nessuno,1
57,M,3001,13,Centro,Laurea,1
33,M,1929,4,Suburbio,Laurea,0
59,F,2406,18,Centro,Nessuno,1
62,M,2540,6,Centro,Laurea,1
28,M,1722,1,Centro,Laurea,0
31,M,811,2,Centro,Nessuno,0
33,F,1063,1,Centro,Diploma,1
23,M,668,1,Centro,Nessuno,1
28,F,569,0,Suburbio,Nessuno,0
43,M,1917,8,Centro,Nessuno,1
62,M,2540,6,Centro,Laurea,1
48,F,400,2,Suburbio,Nessuno,0
57,M,2507,6,Periferia,Master,1
21,F,400,0,Periferia,Nessuno,0
19,F,1004,0,Periferia,Diploma,0
29,F,1535,2,Centro,Laurea,1
63,M,1808,3,Centro,Diploma,0
47,F,3222,8,Centro,Master,1
40,F,1182,6,Centro,Nessuno,1
64,F,3446,14,Centro,Diploma,1
25,F,1426,1,Centro,Laurea,1
59,F,2227,3,Centro,Master,1
40,F,1405,10,Suburbio,Nessuno,0
56,M,1356,2,Centro,Laurea,0
28,M,1418,4,Periferia,Laurea,1
51,M,2242,5,Periferia,Laurea,1
25,F,1624,0,Centro,Laurea,1
30,F,1280,4,Centro,Diploma,1
23,F,1993,1,Centro,Master,1
55,F,921,10,Periferia,Nessuno,0
47,F,2686,8,Suburbio,Master,0
